frame,stage,timestamp_ms
1,frame:in,1.7598e+12
1,frame:out,1.7598e+12
2,frame:in,1.7598e+12
2,frame:out,1.7598e+12
3,frame:in,1.7598e+12
3,frame:out,1.7598e+12
4,frame:in,1.7598e+12
4,frame:out,1.7598e+12
5,frame:in,1.7598e+12
5,frame:out,1.7598e+12
6,frame:in,1.7598e+12
6,frame:out,1.7598e+12
7,frame:in,1.7598e+12
7,frame:out,1.7598e+12
8,frame:in,1.7598e+12
8,frame:out,1.7598e+12
9,frame:in,1.7598e+12
9,frame:out,1.7598e+12
10,frame:in,1.7598e+12
10,frame:out,1.7598e+12
11,frame:in,1.7598e+12
11,frame:out,1.7598e+12
12,frame:in,1.7598e+12
12,frame:out,1.7598e+12
13,frame:in,1.7598e+12
13,frame:out,1.7598e+12
14,frame:in,1.7598e+12
14,frame:out,1.7598e+12
15,frame:in,1.7598e+12
15,frame:out,1.7598e+12
16,frame:in,1.7598e+12
16,frame:out,1.7598e+12
17,frame:in,1.7598e+12
17,frame:out,1.7598e+12
18,frame:in,1.7598e+12
18,frame:out,1.7598e+12
19,frame:in,1.7598e+12
19,frame:out,1.7598e+12
20,frame:in,1.7598e+12
20,frame:out,1.7598e+12
21,frame:in,1.7598e+12
21,frame:out,1.7598e+12
22,frame:in,1.7598e+12
22,frame:out,1.7598e+12
23,frame:in,1.7598e+12
23,frame:out,1.7598e+12
24,frame:in,1.7598e+12
24,frame:out,1.7598e+12
25,frame:in,1.7598e+12
25,frame:out,1.7598e+12
26,frame:in,1.7598e+12
26,frame:out,1.7598e+12
27,frame:in,1.7598e+12
27,frame:out,1.7598e+12
28,frame:in,1.7598e+12
28,frame:out,1.7598e+12
29,frame:in,1.7598e+12
29,frame:out,1.7598e+12
30,frame:in,1.7598e+12
30,frame:out,1.7598e+12
31,frame:in,1.7598e+12
31,frame:out,1.7598e+12
32,frame:in,1.7598e+12
32,frame:out,1.7598e+12
33,frame:in,1.7598e+12
33,frame:out,1.7598e+12
34,frame:in,1.7598e+12
34,frame:out,1.7598e+12
35,frame:in,1.7598e+12
35,frame:out,1.7598e+12
36,frame:in,1.7598e+12
36,frame:out,1.7598e+12
37,frame:in,1.7598e+12
37,frame:out,1.7598e+12
38,frame:in,1.7598e+12
38,frame:out,1.7598e+12
39,frame:in,1.7598e+12
39,frame:out,1.7598e+12
40,frame:in,1.7598e+12
40,frame:out,1.7598e+12
41,frame:in,1.7598e+12
41,frame:out,1.7598e+12
42,frame:in,1.7598e+12
42,frame:out,1.7598e+12
43,frame:in,1.7598e+12
43,frame:out,1.7598e+12
44,frame:in,1.7598e+12
44,frame:out,1.7598e+12
45,frame:in,1.7598e+12
45,frame:out,1.7598e+12
46,frame:in,1.7598e+12
46,frame:out,1.7598e+12
47,frame:in,1.7598e+12
47,frame:out,1.7598e+12
48,frame:in,1.7598e+12
48,frame:out,1.7598e+12
49,frame:in,1.7598e+12
49,frame:out,1.7598e+12
50,frame:in,1.7598e+12
50,frame:out,1.7598e+12
51,frame:in,1.7598e+12
51,frame:out,1.7598e+12
52,frame:in,1.7598e+12
52,frame:out,1.7598e+12
53,frame:in,1.7598e+12
53,frame:out,1.7598e+12
54,frame:in,1.7598e+12
54,frame:out,1.7598e+12
55,frame:in,1.7598e+12
55,frame:out,1.7598e+12
56,frame:in,1.7598e+12
56,frame:out,1.7598e+12
57,frame:in,1.7598e+12
57,frame:out,1.7598e+12
58,frame:in,1.7598e+12
58,frame:out,1.7598e+12
59,frame:in,1.7598e+12
59,frame:out,1.7598e+12
60,frame:in,1.7598e+12
60,frame:out,1.7598e+12
61,frame:in,1.7598e+12
61,frame:out,1.7598e+12
62,frame:in,1.7598e+12
62,frame:out,1.7598e+12
63,frame:in,1.7598e+12
63,frame:out,1.7598e+12
64,frame:in,1.7598e+12
64,frame:out,1.7598e+12
65,frame:in,1.7598e+12
65,frame:out,1.7598e+12
66,frame:in,1.7598e+12
66,frame:out,1.7598e+12
67,frame:in,1.7598e+12
67,frame:out,1.7598e+12
68,frame:in,1.7598e+12
68,frame:out,1.7598e+12
69,frame:in,1.7598e+12
69,frame:out,1.7598e+12
70,frame:in,1.7598e+12
70,frame:out,1.7598e+12
71,frame:in,1.7598e+12
71,frame:out,1.7598e+12
72,frame:in,1.7598e+12
72,frame:out,1.7598e+12
73,frame:in,1.7598e+12
73,frame:out,1.7598e+12
74,frame:in,1.7598e+12
74,frame:out,1.7598e+12
75,frame:in,1.7598e+12
75,frame:out,1.7598e+12
76,frame:in,1.7598e+12
76,frame:out,1.7598e+12
77,frame:in,1.7598e+12
77,frame:out,1.7598e+12
78,frame:in,1.7598e+12
78,frame:out,1.7598e+12
79,frame:in,1.7598e+12
79,frame:out,1.7598e+12
80,frame:in,1.7598e+12
80,frame:out,1.7598e+12
81,frame:in,1.7598e+12
81,frame:out,1.7598e+12
82,frame:in,1.7598e+12
82,frame:out,1.7598e+12
83,frame:in,1.7598e+12
83,frame:out,1.7598e+12
84,frame:in,1.7598e+12
84,frame:out,1.7598e+12
85,frame:in,1.7598e+12
85,frame:out,1.7598e+12
86,frame:in,1.7598e+12
86,frame:out,1.7598e+12
87,frame:in,1.7598e+12
87,frame:out,1.7598e+12
88,frame:in,1.7598e+12
88,frame:out,1.7598e+12
89,frame:in,1.7598e+12
89,frame:out,1.7598e+12
90,frame:in,1.7598e+12
90,frame:out,1.7598e+12
91,frame:in,1.7598e+12
91,frame:out,1.7598e+12
92,frame:in,1.7598e+12
92,frame:out,1.7598e+12
93,frame:in,1.7598e+12
93,frame:out,1.7598e+12
94,frame:in,1.7598e+12
94,frame:out,1.7598e+12
95,frame:in,1.7598e+12
95,frame:out,1.7598e+12
96,frame:in,1.7598e+12
96,frame:out,1.7598e+12
97,frame:in,1.7598e+12
97,frame:out,1.7598e+12
98,frame:in,1.7598e+12
98,frame:out,1.7598e+12
99,frame:in,1.7598e+12
99,frame:out,1.7598e+12
100,frame:in,1.7598e+12
100,frame:out,1.7598e+12
101,frame:in,1.7598e+12
101,frame:out,1.7598e+12
102,frame:in,1.7598e+12
102,frame:out,1.7598e+12
103,frame:in,1.7598e+12
103,frame:out,1.7598e+12
104,frame:in,1.7598e+12
104,frame:out,1.7598e+12
105,frame:in,1.7598e+12
105,frame:out,1.7598e+12
106,frame:in,1.7598e+12
106,frame:out,1.7598e+12
107,frame:in,1.7598e+12
107,frame:out,1.7598e+12
108,frame:in,1.7598e+12
108,frame:out,1.7598e+12
109,frame:in,1.7598e+12
109,frame:out,1.7598e+12
110,frame:in,1.7598e+12
110,frame:out,1.7598e+12
111,frame:in,1.7598e+12
111,frame:out,1.7598e+12
112,frame:in,1.7598e+12
112,frame:out,1.7598e+12
113,frame:in,1.7598e+12
113,frame:out,1.7598e+12
114,frame:in,1.7598e+12
114,frame:out,1.7598e+12
115,frame:in,1.7598e+12
115,frame:out,1.7598e+12
116,frame:in,1.7598e+12
116,frame:out,1.7598e+12
117,frame:in,1.7598e+12
117,frame:out,1.7598e+12
118,frame:in,1.7598e+12
118,frame:out,1.7598e+12
119,frame:in,1.7598e+12
119,frame:out,1.7598e+12
120,frame:in,1.7598e+12
120,frame:out,1.7598e+12
121,frame:in,1.7598e+12
121,frame:out,1.7598e+12
122,frame:in,1.7598e+12
122,frame:out,1.7598e+12
123,frame:in,1.7598e+12
123,frame:out,1.7598e+12
124,frame:in,1.7598e+12
124,frame:out,1.7598e+12
125,frame:in,1.7598e+12
125,frame:out,1.7598e+12
126,frame:in,1.7598e+12
126,frame:out,1.7598e+12
127,frame:in,1.7598e+12
127,frame:out,1.7598e+12
128,frame:in,1.7598e+12
128,frame:out,1.7598e+12
129,frame:in,1.7598e+12
129,frame:out,1.7598e+12
130,frame:in,1.7598e+12
130,frame:out,1.7598e+12
131,frame:in,1.7598e+12
131,frame:out,1.7598e+12
132,frame:in,1.7598e+12
132,frame:out,1.7598e+12
133,frame:in,1.7598e+12
133,frame:out,1.7598e+12
134,frame:in,1.7598e+12
134,frame:out,1.7598e+12
135,frame:in,1.7598e+12
135,frame:out,1.7598e+12
136,frame:in,1.7598e+12
136,frame:out,1.7598e+12
137,frame:in,1.7598e+12
137,frame:out,1.7598e+12
138,frame:in,1.7598e+12
138,frame:out,1.7598e+12
139,frame:in,1.7598e+12
139,frame:out,1.7598e+12
140,frame:in,1.7598e+12
140,frame:out,1.7598e+12
141,frame:in,1.7598e+12
141,frame:out,1.7598e+12
142,frame:in,1.7598e+12
142,frame:out,1.7598e+12
143,frame:in,1.7598e+12
143,frame:out,1.7598e+12
144,frame:in,1.7598e+12
144,frame:out,1.7598e+12
145,frame:in,1.7598e+12
145,frame:out,1.7598e+12
146,frame:in,1.7598e+12
146,frame:out,1.7598e+12
147,frame:in,1.7598e+12
147,frame:out,1.7598e+12
148,frame:in,1.7598e+12
148,frame:out,1.7598e+12
149,frame:in,1.7598e+12
149,frame:out,1.7598e+12
150,frame:in,1.7598e+12
150,frame:out,1.7598e+12
151,frame:in,1.7598e+12
151,frame:out,1.7598e+12
152,frame:in,1.7598e+12
152,frame:out,1.7598e+12
153,frame:in,1.7598e+12
153,frame:out,1.7598e+12
154,frame:in,1.7598e+12
154,frame:out,1.7598e+12
155,frame:in,1.7598e+12
155,frame:out,1.7598e+12
156,frame:in,1.7598e+12
156,frame:out,1.7598e+12
157,frame:in,1.7598e+12
157,frame:out,1.7598e+12
158,frame:in,1.7598e+12
158,frame:out,1.7598e+12
159,frame:in,1.7598e+12
159,frame:out,1.7598e+12
160,frame:in,1.7598e+12
160,frame:out,1.7598e+12
161,frame:in,1.7598e+12
161,frame:out,1.7598e+12
162,frame:in,1.7598e+12
162,frame:out,1.7598e+12
163,frame:in,1.7598e+12
163,frame:out,1.7598e+12
164,frame:in,1.7598e+12
164,frame:out,1.7598e+12
165,frame:in,1.7598e+12
165,frame:out,1.7598e+12
166,frame:in,1.7598e+12
166,frame:out,1.7598e+12
167,frame:in,1.7598e+12
167,frame:out,1.7598e+12
168,frame:in,1.7598e+12
168,frame:out,1.7598e+12
169,frame:in,1.7598e+12
169,frame:out,1.7598e+12
170,frame:in,1.7598e+12
170,frame:out,1.7598e+12
171,frame:in,1.7598e+12
171,frame:out,1.7598e+12
172,frame:in,1.7598e+12
172,frame:out,1.7598e+12
173,frame:in,1.7598e+12
173,frame:out,1.7598e+12
174,frame:in,1.7598e+12
174,frame:out,1.7598e+12
175,frame:in,1.7598e+12
175,frame:out,1.7598e+12
176,frame:in,1.7598e+12
176,frame:out,1.7598e+12
177,frame:in,1.7598e+12
177,frame:out,1.7598e+12
178,frame:in,1.7598e+12
178,frame:out,1.7598e+12
179,frame:in,1.7598e+12
179,frame:out,1.7598e+12
180,frame:in,1.7598e+12
180,frame:out,1.7598e+12
181,frame:in,1.7598e+12
181,frame:out,1.7598e+12
182,frame:in,1.7598e+12
182,frame:out,1.7598e+12
183,frame:in,1.7598e+12
183,frame:out,1.7598e+12
184,frame:in,1.7598e+12
184,frame:out,1.7598e+12
185,frame:in,1.7598e+12
185,frame:out,1.7598e+12
186,frame:in,1.7598e+12
186,frame:out,1.7598e+12
187,frame:in,1.7598e+12
187,frame:out,1.7598e+12
188,frame:in,1.7598e+12
188,frame:out,1.7598e+12
189,frame:in,1.7598e+12
189,frame:out,1.7598e+12
190,frame:in,1.7598e+12
190,frame:out,1.7598e+12
191,frame:in,1.7598e+12
191,frame:out,1.7598e+12
192,frame:in,1.7598e+12
192,frame:out,1.7598e+12
193,frame:in,1.7598e+12
193,frame:out,1.7598e+12
194,frame:in,1.7598e+12
194,frame:out,1.7598e+12
195,frame:in,1.7598e+12
195,frame:out,1.7598e+12
196,frame:in,1.7598e+12
196,frame:out,1.7598e+12
197,frame:in,1.7598e+12
197,frame:out,1.7598e+12
198,frame:in,1.7598e+12
198,frame:out,1.7598e+12
199,frame:in,1.7598e+12
199,frame:out,1.7598e+12
200,frame:in,1.7598e+12
200,frame:out,1.7598e+12
201,frame:in,1.7598e+12
201,frame:out,1.7598e+12
202,frame:in,1.7598e+12
202,frame:out,1.7598e+12
203,frame:in,1.7598e+12
203,frame:out,1.7598e+12
204,frame:in,1.7598e+12
204,frame:out,1.7598e+12
205,frame:in,1.7598e+12
205,frame:out,1.7598e+12
206,frame:in,1.7598e+12
206,frame:out,1.7598e+12
207,frame:in,1.7598e+12
207,frame:out,1.7598e+12
208,frame:in,1.7598e+12
208,frame:out,1.7598e+12
209,frame:in,1.7598e+12
209,frame:out,1.7598e+12
210,frame:in,1.7598e+12
210,frame:out,1.7598e+12
211,frame:in,1.7598e+12
211,frame:out,1.7598e+12
212,frame:in,1.7598e+12
212,frame:out,1.7598e+12
213,frame:in,1.7598e+12
213,frame:out,1.7598e+12
214,frame:in,1.7598e+12
214,frame:out,1.7598e+12
215,frame:in,1.7598e+12
215,frame:out,1.7598e+12
216,frame:in,1.7598e+12
216,frame:out,1.7598e+12
217,frame:in,1.7598e+12
217,frame:out,1.7598e+12
218,frame:in,1.7598e+12
218,frame:out,1.7598e+12
219,frame:in,1.7598e+12
219,frame:out,1.7598e+12
220,frame:in,1.7598e+12
220,frame:out,1.7598e+12
221,frame:in,1.7598e+12
221,frame:out,1.7598e+12
222,frame:in,1.7598e+12
222,frame:out,1.7598e+12
223,frame:in,1.7598e+12
223,frame:out,1.7598e+12
224,frame:in,1.7598e+12
224,frame:out,1.7598e+12
225,frame:in,1.7598e+12
225,frame:out,1.7598e+12
226,frame:in,1.7598e+12
226,frame:out,1.7598e+12
227,frame:in,1.7598e+12
227,frame:out,1.7598e+12
228,frame:in,1.7598e+12
228,frame:out,1.7598e+12
229,frame:in,1.7598e+12
229,frame:out,1.7598e+12
230,frame:in,1.7598e+12
230,frame:out,1.7598e+12
231,frame:in,1.7598e+12
231,frame:out,1.7598e+12
232,frame:in,1.7598e+12
232,frame:out,1.7598e+12
233,frame:in,1.7598e+12
233,frame:out,1.7598e+12
234,frame:in,1.7598e+12
234,frame:out,1.7598e+12
235,frame:in,1.7598e+12
235,frame:out,1.7598e+12
236,frame:in,1.7598e+12
236,frame:out,1.7598e+12
237,frame:in,1.7598e+12
237,frame:out,1.7598e+12
238,frame:in,1.7598e+12
238,frame:out,1.7598e+12
239,frame:in,1.7598e+12
239,frame:out,1.7598e+12
240,frame:in,1.7598e+12
240,frame:out,1.7598e+12
241,frame:in,1.7598e+12
241,frame:out,1.7598e+12
242,frame:in,1.7598e+12
242,frame:out,1.7598e+12
243,frame:in,1.7598e+12
243,frame:out,1.7598e+12
244,frame:in,1.7598e+12
244,frame:out,1.7598e+12
245,frame:in,1.7598e+12
245,frame:out,1.7598e+12
246,frame:in,1.7598e+12
246,frame:out,1.7598e+12
247,frame:in,1.7598e+12
247,frame:out,1.7598e+12
248,frame:in,1.7598e+12
248,frame:out,1.7598e+12
249,frame:in,1.7598e+12
249,frame:out,1.7598e+12
250,frame:in,1.7598e+12
250,frame:out,1.7598e+12
251,frame:in,1.7598e+12
251,frame:out,1.7598e+12
252,frame:in,1.7598e+12
252,frame:out,1.7598e+12
253,frame:in,1.7598e+12
253,frame:out,1.7598e+12
254,frame:in,1.7598e+12
254,frame:out,1.7598e+12
255,frame:in,1.7598e+12
255,frame:out,1.7598e+12
256,frame:in,1.7598e+12
256,frame:out,1.7598e+12
257,frame:in,1.7598e+12
257,frame:out,1.7598e+12
258,frame:in,1.7598e+12
258,frame:out,1.7598e+12
259,frame:in,1.7598e+12
259,frame:out,1.7598e+12
260,frame:in,1.7598e+12
260,frame:out,1.7598e+12
261,frame:in,1.7598e+12
261,frame:out,1.7598e+12
262,frame:in,1.7598e+12
262,frame:out,1.7598e+12
263,frame:in,1.7598e+12
263,frame:out,1.7598e+12
264,frame:in,1.7598e+12
264,frame:out,1.7598e+12
265,frame:in,1.7598e+12
265,frame:out,1.7598e+12
266,frame:in,1.7598e+12
266,frame:out,1.7598e+12
267,frame:in,1.7598e+12
267,frame:out,1.7598e+12
268,frame:in,1.7598e+12
268,frame:out,1.7598e+12
269,frame:in,1.7598e+12
269,frame:out,1.7598e+12
270,frame:in,1.7598e+12
270,frame:out,1.7598e+12
271,frame:in,1.7598e+12
271,frame:out,1.7598e+12
272,frame:in,1.7598e+12
272,frame:out,1.7598e+12
273,frame:in,1.7598e+12
273,frame:out,1.7598e+12
274,frame:in,1.7598e+12
274,frame:out,1.7598e+12
275,frame:in,1.7598e+12
275,frame:out,1.7598e+12
276,frame:in,1.7598e+12
276,frame:out,1.7598e+12
277,frame:in,1.7598e+12
277,frame:out,1.7598e+12
278,frame:in,1.7598e+12
278,frame:out,1.7598e+12
279,frame:in,1.7598e+12
279,frame:out,1.7598e+12
280,frame:in,1.7598e+12
280,frame:out,1.7598e+12
281,frame:in,1.7598e+12
281,frame:out,1.7598e+12
282,frame:in,1.7598e+12
282,frame:out,1.7598e+12
283,frame:in,1.7598e+12
283,frame:out,1.7598e+12
284,frame:in,1.7598e+12
284,frame:out,1.7598e+12
285,frame:in,1.7598e+12
285,frame:out,1.7598e+12
286,frame:in,1.7598e+12
286,frame:out,1.7598e+12
287,frame:in,1.7598e+12
287,frame:out,1.7598e+12
288,frame:in,1.7598e+12
288,frame:out,1.7598e+12
289,frame:in,1.7598e+12
289,frame:out,1.7598e+12
290,frame:in,1.7598e+12
290,frame:out,1.7598e+12
291,frame:in,1.7598e+12
291,frame:out,1.7598e+12
292,frame:in,1.7598e+12
292,frame:out,1.7598e+12
293,frame:in,1.7598e+12
293,frame:out,1.7598e+12
294,frame:in,1.7598e+12
294,frame:out,1.7598e+12
295,frame:in,1.7598e+12
295,frame:out,1.7598e+12
296,frame:in,1.7598e+12
296,frame:out,1.7598e+12
297,frame:in,1.7598e+12
297,frame:out,1.7598e+12
298,frame:in,1.7598e+12
298,frame:out,1.7598e+12
299,frame:in,1.7598e+12
299,frame:out,1.7598e+12
300,frame:in,1.7598e+12
300,frame:out,1.7598e+12
301,frame:in,1.7598e+12
301,frame:out,1.7598e+12
302,frame:in,1.7598e+12
302,frame:out,1.7598e+12
303,frame:in,1.7598e+12
303,frame:out,1.7598e+12
304,frame:in,1.7598e+12
304,frame:out,1.7598e+12
305,frame:in,1.7598e+12
305,frame:out,1.7598e+12
306,frame:in,1.7598e+12
306,frame:out,1.7598e+12
307,frame:in,1.7598e+12
307,frame:out,1.7598e+12
308,frame:in,1.7598e+12
308,frame:out,1.7598e+12
309,frame:in,1.7598e+12
309,frame:out,1.7598e+12
310,frame:in,1.7598e+12
310,frame:out,1.7598e+12
311,frame:in,1.7598e+12
311,frame:out,1.7598e+12
312,frame:in,1.7598e+12
312,frame:out,1.7598e+12
313,frame:in,1.7598e+12
313,frame:out,1.7598e+12
314,frame:in,1.7598e+12
314,frame:out,1.7598e+12
315,frame:in,1.7598e+12
315,frame:out,1.7598e+12
316,frame:in,1.7598e+12
316,frame:out,1.7598e+12
317,frame:in,1.7598e+12
317,frame:out,1.7598e+12
318,frame:in,1.7598e+12
318,frame:out,1.7598e+12
319,frame:in,1.7598e+12
319,frame:out,1.7598e+12
320,frame:in,1.7598e+12
320,frame:out,1.7598e+12
321,frame:in,1.7598e+12
321,frame:out,1.7598e+12
322,frame:in,1.7598e+12
322,frame:out,1.7598e+12
323,frame:in,1.7598e+12
323,frame:out,1.7598e+12
324,frame:in,1.7598e+12
324,frame:out,1.7598e+12
325,frame:in,1.7598e+12
325,frame:out,1.7598e+12
326,frame:in,1.7598e+12
326,frame:out,1.7598e+12
327,frame:in,1.7598e+12
327,frame:out,1.7598e+12
328,frame:in,1.7598e+12
328,frame:out,1.7598e+12
329,frame:in,1.7598e+12
329,frame:out,1.7598e+12
330,frame:in,1.7598e+12
330,frame:out,1.7598e+12
331,frame:in,1.7598e+12
331,frame:out,1.7598e+12
332,frame:in,1.7598e+12
332,frame:out,1.7598e+12
333,frame:in,1.7598e+12
333,frame:out,1.7598e+12
334,frame:in,1.7598e+12
334,frame:out,1.7598e+12
335,frame:in,1.7598e+12
335,frame:out,1.7598e+12
336,frame:in,1.7598e+12
336,frame:out,1.7598e+12
337,frame:in,1.7598e+12
337,frame:out,1.7598e+12
338,frame:in,1.7598e+12
338,frame:out,1.7598e+12
339,frame:in,1.7598e+12
339,frame:out,1.7598e+12
340,frame:in,1.7598e+12
340,frame:out,1.7598e+12
341,frame:in,1.7598e+12
341,frame:out,1.7598e+12
342,frame:in,1.7598e+12
342,frame:out,1.7598e+12
343,frame:in,1.7598e+12
343,frame:out,1.7598e+12
344,frame:in,1.7598e+12
344,frame:out,1.7598e+12
345,frame:in,1.7598e+12
345,frame:out,1.7598e+12
346,frame:in,1.7598e+12
346,frame:out,1.7598e+12
347,frame:in,1.7598e+12
347,frame:out,1.7598e+12
348,frame:in,1.7598e+12
348,frame:out,1.7598e+12
349,frame:in,1.7598e+12
349,frame:out,1.7598e+12
350,frame:in,1.7598e+12
350,frame:out,1.7598e+12
351,frame:in,1.7598e+12
351,frame:out,1.7598e+12
352,frame:in,1.7598e+12
352,frame:out,1.7598e+12
353,frame:in,1.7598e+12
353,frame:out,1.7598e+12
354,frame:in,1.7598e+12
354,frame:out,1.7598e+12
355,frame:in,1.7598e+12
355,frame:out,1.7598e+12
356,frame:in,1.7598e+12
356,frame:out,1.7598e+12
357,frame:in,1.7598e+12
357,frame:out,1.7598e+12
358,frame:in,1.7598e+12
358,frame:out,1.7598e+12
359,frame:in,1.7598e+12
359,frame:out,1.7598e+12
360,frame:in,1.7598e+12
360,frame:out,1.7598e+12
361,frame:in,1.7598e+12
361,frame:out,1.7598e+12
362,frame:in,1.7598e+12
362,frame:out,1.7598e+12
363,frame:in,1.7598e+12
363,frame:out,1.7598e+12
364,frame:in,1.7598e+12
364,frame:out,1.7598e+12
365,frame:in,1.7598e+12
365,frame:out,1.7598e+12
366,frame:in,1.7598e+12
366,frame:out,1.7598e+12
367,frame:in,1.7598e+12
367,frame:out,1.7598e+12
368,frame:in,1.7598e+12
368,frame:out,1.7598e+12
369,frame:in,1.7598e+12
369,frame:out,1.7598e+12
370,frame:in,1.7598e+12
370,frame:out,1.7598e+12
371,frame:in,1.7598e+12
371,frame:out,1.7598e+12
372,frame:in,1.7598e+12
372,frame:out,1.7598e+12
373,frame:in,1.7598e+12
373,frame:out,1.7598e+12
374,frame:in,1.7598e+12
374,frame:out,1.7598e+12
375,frame:in,1.7598e+12
375,frame:out,1.7598e+12
376,frame:in,1.7598e+12
376,frame:out,1.7598e+12
377,frame:in,1.7598e+12
377,frame:out,1.7598e+12
378,frame:in,1.7598e+12
378,frame:out,1.7598e+12
379,frame:in,1.7598e+12
379,frame:out,1.7598e+12
380,frame:in,1.7598e+12
380,frame:out,1.7598e+12
381,frame:in,1.7598e+12
381,frame:out,1.7598e+12
382,frame:in,1.7598e+12
382,frame:out,1.7598e+12
383,frame:in,1.7598e+12
383,frame:out,1.7598e+12
384,frame:in,1.7598e+12
384,frame:out,1.7598e+12
385,frame:in,1.7598e+12
385,frame:out,1.7598e+12
386,frame:in,1.7598e+12
386,frame:out,1.7598e+12
387,frame:in,1.7598e+12
387,frame:out,1.7598e+12
388,frame:in,1.7598e+12
388,frame:out,1.7598e+12
389,frame:in,1.7598e+12
389,frame:out,1.7598e+12
390,frame:in,1.7598e+12
390,frame:out,1.7598e+12
391,frame:in,1.7598e+12
391,frame:out,1.7598e+12
392,frame:in,1.7598e+12
392,frame:out,1.7598e+12
393,frame:in,1.7598e+12
393,frame:out,1.7598e+12
394,frame:in,1.7598e+12
394,frame:out,1.7598e+12
395,frame:in,1.7598e+12
395,frame:out,1.7598e+12
396,frame:in,1.7598e+12
396,frame:out,1.7598e+12
397,frame:in,1.7598e+12
397,frame:out,1.7598e+12
398,frame:in,1.7598e+12
398,frame:out,1.7598e+12
399,frame:in,1.7598e+12
399,frame:out,1.7598e+12
400,frame:in,1.7598e+12
400,frame:out,1.7598e+12
401,frame:in,1.7598e+12
401,frame:out,1.7598e+12
402,frame:in,1.7598e+12
402,frame:out,1.7598e+12
403,frame:in,1.7598e+12
403,frame:out,1.7598e+12
404,frame:in,1.7598e+12
404,frame:out,1.7598e+12
405,frame:in,1.7598e+12
405,frame:out,1.7598e+12
406,frame:in,1.7598e+12
406,frame:out,1.7598e+12
407,frame:in,1.7598e+12
407,frame:out,1.7598e+12
408,frame:in,1.7598e+12
408,frame:out,1.7598e+12
409,frame:in,1.7598e+12
409,frame:out,1.7598e+12
410,frame:in,1.7598e+12
410,frame:out,1.7598e+12
411,frame:in,1.7598e+12
411,frame:out,1.7598e+12
412,frame:in,1.7598e+12
412,frame:out,1.7598e+12
413,frame:in,1.7598e+12
413,frame:out,1.7598e+12
414,frame:in,1.7598e+12
414,frame:out,1.7598e+12
415,frame:in,1.7598e+12
415,frame:out,1.7598e+12
416,frame:in,1.7598e+12
416,frame:out,1.7598e+12
417,frame:in,1.7598e+12
417,frame:out,1.7598e+12
418,frame:in,1.7598e+12
418,frame:out,1.7598e+12
419,frame:in,1.7598e+12
419,frame:out,1.7598e+12
420,frame:in,1.7598e+12
420,frame:out,1.7598e+12
421,frame:in,1.7598e+12
421,frame:out,1.7598e+12
422,frame:in,1.7598e+12
422,frame:out,1.7598e+12
423,frame:in,1.7598e+12
423,frame:out,1.7598e+12
424,frame:in,1.7598e+12
424,frame:out,1.7598e+12
425,frame:in,1.7598e+12
425,frame:out,1.7598e+12
426,frame:in,1.7598e+12
426,frame:out,1.7598e+12
427,frame:in,1.7598e+12
427,frame:out,1.7598e+12
428,frame:in,1.7598e+12
428,frame:out,1.7598e+12
429,frame:in,1.7598e+12
429,frame:out,1.7598e+12
430,frame:in,1.7598e+12
430,frame:out,1.7598e+12
431,frame:in,1.7598e+12
431,frame:out,1.7598e+12
432,frame:in,1.7598e+12
432,frame:out,1.7598e+12
433,frame:in,1.7598e+12
433,frame:out,1.7598e+12
434,frame:in,1.7598e+12
434,frame:out,1.7598e+12
435,frame:in,1.7598e+12
435,frame:out,1.7598e+12
436,frame:in,1.7598e+12
436,frame:out,1.7598e+12
437,frame:in,1.7598e+12
437,frame:out,1.7598e+12
438,frame:in,1.7598e+12
438,frame:out,1.7598e+12
439,frame:in,1.7598e+12
439,frame:out,1.7598e+12
440,frame:in,1.7598e+12
440,frame:out,1.7598e+12
441,frame:in,1.7598e+12
441,frame:out,1.7598e+12
442,frame:in,1.7598e+12
442,frame:out,1.7598e+12
443,frame:in,1.7598e+12
443,frame:out,1.7598e+12
444,frame:in,1.7598e+12
444,frame:out,1.7598e+12
445,frame:in,1.7598e+12
445,frame:out,1.7598e+12
446,frame:in,1.7598e+12
446,frame:out,1.7598e+12
447,frame:in,1.7598e+12
447,frame:out,1.7598e+12
448,frame:in,1.7598e+12
448,frame:out,1.7598e+12
449,frame:in,1.7598e+12
449,frame:out,1.7598e+12
450,frame:in,1.7598e+12
450,frame:out,1.7598e+12
451,frame:in,1.7598e+12
451,frame:out,1.7598e+12
452,frame:in,1.7598e+12
452,frame:out,1.7598e+12
453,frame:in,1.7598e+12
453,frame:out,1.7598e+12
454,frame:in,1.7598e+12
454,frame:out,1.7598e+12
455,frame:in,1.7598e+12
455,frame:out,1.7598e+12
456,frame:in,1.7598e+12
456,frame:out,1.7598e+12
457,frame:in,1.7598e+12
457,frame:out,1.7598e+12
458,frame:in,1.7598e+12
458,frame:out,1.7598e+12
459,frame:in,1.7598e+12
459,frame:out,1.7598e+12
460,frame:in,1.7598e+12
460,frame:out,1.7598e+12
461,frame:in,1.7598e+12
461,frame:out,1.7598e+12
462,frame:in,1.7598e+12
462,frame:out,1.7598e+12
463,frame:in,1.7598e+12
463,frame:out,1.7598e+12
464,frame:in,1.7598e+12
464,frame:out,1.7598e+12
465,frame:in,1.7598e+12
465,frame:out,1.7598e+12
466,frame:in,1.7598e+12
466,frame:out,1.7598e+12
467,frame:in,1.7598e+12
467,frame:out,1.7598e+12
468,frame:in,1.7598e+12
468,frame:out,1.7598e+12
469,frame:in,1.7598e+12
469,frame:out,1.7598e+12
470,frame:in,1.7598e+12
470,frame:out,1.7598e+12
471,frame:in,1.7598e+12
471,frame:out,1.7598e+12
472,frame:in,1.7598e+12
472,frame:out,1.7598e+12
473,frame:in,1.7598e+12
473,frame:out,1.7598e+12
474,frame:in,1.7598e+12
474,frame:out,1.7598e+12
475,frame:in,1.7598e+12
475,frame:out,1.7598e+12
476,frame:in,1.7598e+12
476,frame:out,1.7598e+12
477,frame:in,1.7598e+12
477,frame:out,1.7598e+12
478,frame:in,1.7598e+12
478,frame:out,1.7598e+12
479,frame:in,1.7598e+12
479,frame:out,1.7598e+12
480,frame:in,1.7598e+12
480,frame:out,1.7598e+12
481,frame:in,1.7598e+12
481,frame:out,1.7598e+12
482,frame:in,1.7598e+12
482,frame:out,1.7598e+12
483,frame:in,1.7598e+12
483,frame:out,1.7598e+12
484,frame:in,1.7598e+12
484,frame:out,1.7598e+12
485,frame:in,1.7598e+12
485,frame:out,1.7598e+12
486,frame:in,1.7598e+12
486,frame:out,1.7598e+12
487,frame:in,1.7598e+12
487,frame:out,1.7598e+12
488,frame:in,1.7598e+12
488,frame:out,1.7598e+12
489,frame:in,1.7598e+12
489,frame:out,1.7598e+12
490,frame:in,1.7598e+12
490,frame:out,1.7598e+12
491,frame:in,1.7598e+12
491,frame:out,1.7598e+12
492,frame:in,1.7598e+12
492,frame:out,1.7598e+12
493,frame:in,1.7598e+12
493,frame:out,1.7598e+12
494,frame:in,1.7598e+12
494,frame:out,1.7598e+12
495,frame:in,1.7598e+12
495,frame:out,1.7598e+12
496,frame:in,1.7598e+12
496,frame:out,1.7598e+12
497,frame:in,1.7598e+12
497,frame:out,1.7598e+12
